short,JEL
ABLACKSWANINTHEMONEYMARKET,"E430, E440, E520, G210"
ACCOUNTINGFORASHIFTINTERMSTRUCTUREBEHAVIORWITHNOARBITRAGEANDMACROFINANCEMODELS,"E310, E430, E520"
ACENTURYOFWORKANDLEISURE,"D130, J160, J220"
ADVERSESELECTIONANDTHEFINANCIALACCELERATOR,"D820, E440"
ADYNAMICTHEORYOFOPTIMALCAPITALSTRUCTUREANDEXECUTIVECOMPENSATION,G30
AFISTFULOFDOLLARSLOBBYINGANDTHEFINANCIALCRISIS,"G21, P16"
AGAMETHEORETICVIEWOFTHEFISCALTHEORYOFTHEPRICELEVEL,"E310, E620"
AGENCYBASEDASSETPRICING,"C63, G12"
AGENCYCONFLICTSINVESTMENTANDASSETPRICING,"G120, G180"
AGGREGATECONSEQUENCESOFLIMITEDCONTRACTENFORCEABILITY,"D860, K120"
AGGREGATEIMPLICATIONSOFWEALTHREDISTRIBUTIONTHECASEOFINFLATION,"D310, E310"
AGGREGATIONANDTHEPPPPUZZLEINASTICKYPRICEMODEL,"F310, G310"
AHABITBASEDEXPLANATIONOFTHEEXCHANGERATERISKPREMIUM,"E430, F310, G150"
ALEVERAGEBASEDMODELOFSPECULATIVEBUBBLES,"E32, E44"
ALTERNATIVEMODELSFORSTOCKPRICEDYNAMICS,"C520, G130"
AMACROECONOMICMODELOFINTERNATIONALPRICEDISCRIMINATION,"F310, F410, L110, L130"
AMACROFINANCEMODELOFTHETERMSTRUCTUREMONETARYPOLICYANDTHEECONOMY,"E430, E630"
AMERICANSDOITBETTERUSMULTINATIONALSANDTHEPRODUCTIVITYMIRACLE,"D24, E23, F23, M10, M16, O30"
AMONETARYBUSINESSCYCLEMODELWITHUNEMPLOYMENT,"E240, E320, E520, E620, J410"
AMULTIPLICATIVEMODELOFOPTIMALCEOINCENTIVESINMARKETEQUILIBRIUM,"G320, L250, M120, M520"
ANALYTICSOFSOVEREIGNDEBTRESTRUCTURING,"F330, F340"
ANANALYSISOFCONSTRAINEDPROPERTYTAXESINASIMPLEOPTIMALTAXMODEL,"H21, H71, R51"
ANCHORINGBIASINCONSENSUSFORECASTSANDITSEFFECTONMARKETPRICES,"C530, E430, E470, F170, G170"
ANEMPIRICALANALYSISOFTHEPRICINGOFCOLLATERALIZEDDEBTOBLIGATIONS,"G110, G120"
ANEMPIRICALTESTOFACONTINGENTCLAIMSLEASEVALUATIONMODEL,"G32, R33"
ANEMPIRICALTESTOFATWOFACTORMORTGAGEVALUATIONMODELHOWMUCHDOHOUSEPRICESMATTER,"G120, G210, R310"
ANEQUILIBRIUMMODELOFINVESTMENTUNDERUNCERTAINTY,G310
ANEQUILIBRIUMMODELOFRAREEVENTPREMIAANDITSIMPLICATIONFOROPTIONSMIRKS,G130
ANESTIMATEDMONETARYDSGEMODELWITHUNEMPLOYMENTANDSTAGGEREDNOMINALWAGEBARGAINING,"C780, E130, E240, E310, J310"
ANEXAMINATIONOFHETEROGENEOUSBELIEFSWITHASHORTSALECONSTRAINTINADYNAMICECONOMY,"D83, G12, G14"
ANIMPROVEDANNUALCHRONOLOGYOFUSBUSINESSCYCLESSINCETHE1790S,"E320, N110, N120"
ANOARBITRAGEVECTORAUTOREGRESSIONOFTERMSTRUCTUREDYNAMICSWITHMACROECONOMICANDLATENTVARIABLES,"E440, E520, E430"
ANOMALIES,"G120, G310, G320"
AQUASIMAXIMUMLIKELIHOODAPPROACHFORLARGEAPPROXIMATEDYNAMICFACTORMODELS,"C58, G12"
AREMACROECONOMICVARIABLESUSEFULFORFORECASTINGTHEDISTRIBUTIONOFUSINFLATION,"C53, E31, E37"
AREPERKSPURELYMANAGERIALEXCESS,"M12, M52"
ARERISKPREFERENCESSTABLEACROSSCONTEXTSEVIDENCEFROMINSURANCEDATA,"D110, D830"
ARESTATISTICALREPORTINGAGENCIESGETTINGITRIGHTDATARATIONALITYANDBUSINESSCYCLEASYMMETRY,"E230, E310, E320"
ARESTOCKSREALLYLESSVOLATILEINTHELONGRUN,"C58, G12"
ARETHERESPONSESOFTHEUSECONOMYASYMMETRICINENERGYPRICEINCREASESANDDECREASES,"E230, Q410, Q430"
ASEARCHBASEDTHEORYOFTHEONTHERUNPHENOMENON,"D830, G120"
ASEARCHFORMULTIPLEEQUILIBRIAINURBANINDUSTRIALSTRUCTURE,"L600, N450, R110, R230"
ASHRINKAGEAPPROACHTOMODELUNCERTAINTYANDASSETALLOCATION,G120
ASIMPLEFRAMEWORKFORINTERNATIONALMONETARYPOLICYANALYSIS,"E520, F420, E310, E430"
ASOLUTIONTOTHEDEFAULTRISKBUSINESSCYCLEDISCONNECT,"E32, E44, F32, F34"
ASOLUTIONTOTWOPARADOXESOFINTERNATIONALCAPITALFLOWS,"F00, F20, F30, F36"
ASSESSINGNOMINALINCOMERULESFORMONETARYPOLICYWITHMODELANDDATAUNCERTAINTY,E520
ASSESSINGSTRUCTURALVARS,"C32, C51, E13, E17, E32, E52, O33"
ASSESSINGTHEEFFECTSOFLOCALTAXATIONUSINGMICROGEOGRAPHICDATA,"H250, H320, H710, L600, R320"
ASSESSINGTHEINCIDENCEANDEFFICIENCYOFAPROMINENTPLACEBASEDPOLICY,"H26, H77, J31, R23, R58"
ASSESSINGTHELUCASCRITIQUEINMONETARYPOLICYMODELS,"E310, E430, E520"
ASSETBACKEDSECURITIESCOSTSANDBENEFITSOFBANKRUPTCYREMOTENESS,"G120, G140, G320, G330, L610"
ASSETFIRESALESANDPURCHASESINEQUITYMARKETS,"G110, G120, G140, G230"
ASSETPRICESANDEXCHANGERATES,"F310, G120, G150"
ASSETPRICINGIMPLICATIONSOFPARETOOPTIMALITYWITHPRIVATEINFORMATION,"D820, G120"
ASSETPRICINGINLARGEINFORMATIONNETWORKS,"D830, D850, G120, G140"
ASSETPRICINGWITHLIQUIDITYRISK,G120
ASTRUCTURALAPPROACHTOIDENTIFYINGTHESOURCESOFLOCALCURRENCYPRICESTABILITY,"E31, F31, L11, L81"
ASYMMETRICCYCLES,"E23, E32, O33, O47"
ASYMPTOTICSFOROUTOFSAMPLETESTSOFGRANGERCAUSALITY,"C32, C52, C53, E23, E31"
ATHEORYOFFIRMSCOPE,D210
ATHEORYOFRISKCAPITAL,G32
ATHEORYOFROBUSTLONGRUNVARIANCEESTIMATION,C220
ATRANSACTIONLEVELSTUDYOFTHEEFFECTSOFCENTRALBANKINTERVENTIONONEXCHANGERATES,"E580, G150, F310"
BAILOUTSTHEINCENTIVETOMANAGERISKANDFINANCIALCRISES,"G010, G210, G280, G320, G330"
BANKCREDITCYCLES,"D830, E320, G210"
BARGAININGOVERRESIDENTIALREALESTATEEVIDENCEFROMENGLAND,R310
BEYONDMERTONSUTOPIAEFFECTSOFNONNORMALITYANDDEPENDENCEOTHEPRECISIONOFVARIANCEESTIMATESUSINGHIGHFREQUENCYFINANCIALDATA,C22
BEYONDSEARCHFIATMONEYINORGANIZEDEXCHANGE,"D830, E400, E420"
BIGBUSINESSSTABILITYANDECONOMICGROWTHISWHATSGOODFORGENERALMOTORSGOODFORAMERICA,"E220, E230, L250, O300, O470"
BONDRISKPREMIA,"E430, E470, G120"
BONDSORLOANSTHEEFFECTOFMACROECONOMICFUNDAMENTALS,"F340, O110, O190"
BONDYIELDSANDTHEFEDERALRESERVE,"E580, G120, G140"
BOOKBUILDINGANDSTRATEGICALLOCATION,"G240, G230, G120"
BOOTSTRAPPINGGMMESTIMATORSFORTIMESERIES,C150
BOOTSTRAPPINGREALIZEDVOLATILITY,"C220, G120"
BORROWCHEAPBUYHIGHTHEDETERMINANTSOFLEVERAGEANDPRICINGINBUYOUTS,"G12, G24, G32, G34, L25"
BORROWINGCOSTSANDTHEDEMANDFOREQUITYOVERTHELIFECYCLE,D910
BOTTOMUPCORPORATEGOVERNANCE,"G34, L25, M12"
BREADTHOFOWNERSHIPANDSTOCKRETURNS,"G120, G140"
BUBBLESINPRICESOFEXHAUSTIBLERESOURCES,"G12, L66, Q41"
BUSINESSCYCLEDYNAMICSUNDERRATIONALINATTENTION,"D11, D21, D83, E13, E32, E52"
CANNEWSABOUTTHEFUTUREDRIVETHEBUSINESSCYCLE,"E130, E200, E320"
CANRAREEVENTSEXPLAINTHEEQUITYPREMIUMPUZZLE,"C58, E43, G12"
CANTIMEVARYINGRISKOFRAREDISASTERSEXPLAINAGGREGATESTOCKMARKETVOLATILITY,"E44, G12"
CAPITALFLOWSANDMACROECONOMICPERFORMANCELESSONSFROMTHEGOLDENERAOFINTERNATIONALFINANCE,"E230, F210, F320, N100, N200"
CAPITALFLOWSTODEVELOPINGCOUNTRIESTHEALLOCATIONPUZZLE,"E21, E23, F21, F41, O11, O19, O47"
CAPITALSTRUCTUREDYNAMICSANDTRANSITORYDEBT,"G310, G320"
CAPITALSTRUCTUREWITHRISKYFOREIGNINVESTMENT,"F230, G310, G320"
CAPITALTAXATIONQUANTITATIVEEXPLORATIONSOFTHEINVERSEEULEREQUATION,"D15, H21"
CATCHINGUPWITHTHEJONESESHETEROGENEOUSPREFERENCESANDTHEDYNAMICSOFASSETPRICES,"G120, D510"
CHAOTICINTERESTRATERULES,E520
COARSETHINKINGANDPERSUASION,"D830, M370"
COLLATERALDEBTCAPACITYANDCORPORATEINVESTMENTEVIDENCEFROMANATURALEXPERIMENT,"G210, G310, G320"
COLLATERALRISKMANAGEMENTANDTHEDISTRIBUTIONOFDEBTCAPACITY,"E320, G310, G320"
COMBININGFORECASTSFROMNESTEDMODELS,C530
COMMUNICATIONBYCENTRALBANKCOMMITTEEMEMBERSDIFFERENTSTRATEGIESSAMEEFFECTIVENESS,"E520, E580"
COMOVEMENT,"G120, G140"
COMPARINGWEALTHEFFECTSTHESTOCKMARKETVERSUSTHEHOUSINGMARKET,"E210, R230, R310"
COMPETINGFORSECURITIESUNDERWRITINGMANDATESBANKINGRELATIONSHIPSANDANALYSTRECOMMENDATIONS,"G210, G240, G280"
COMPOSITIONOFWEALTHCONDITIONINGINFORMATIONANDTHECROSSSECTIONOFSTOCKRETURNS,"D31, D83, E21, E32, G12, G14"
CONDITIONALINVESTMENTCASHFLOWSENSITIVITIESANDFINANCINGCONSTRAINTS,"D25, G31"
CONDITIONALMARKOVCHAINANDITSAPPLICATIONINECONOMICTIMESERIESANALYSIS,"C220, C510, E230, E270, E320"
CONFIDENCECRASHESANDANIMALSPIRITS,"E12, E24,J64"
CONFRONTINGINFORMATIONASYMMETRIESEVIDENCEFROMREALESTATEMARKETS,"D820, R330"
CONSUMPTIONAGGREGATEWEALTHANDEXPECTEDSTOCKRETURNS,"E440, G120"
CONSUMPTIONRISKANDTHECROSSSECTIONOFEXPECTEDRETURNS,"D810, E440, G120"
CONSUMPTIONSTRIKESBACKMEASURINGLONGRUNRISK,"E210, E320, G110"
CORPORATECREDITRISKPREMIA,G32
CORPORATEFINANCINGDECISIONSMANAGERIALMARKETTIMINGANDREALINVESTMENT,"G310, G320, L250"
CORPORATEGOVERNANCEANDEQUITYPRICES,"G12, G34"
CORPORATEGOVERNANCEANDINNOVATIONTHEORYANDEVIDENCE,"G34, K21, L40, O32"
CORPORATEGOVERNANCEINCENTIVESANDINDUSTRYCONSOLIDATIONS,"G34, L11, L25"
CORPORATEGOVERNANCEINCENTIVESANDINDUSTRYCONSOLIDATIONS ,"G34, L11, L25"
CORPORATEGOVERNANCEOVERTHEBUSINESSCYCLE,"E320, G340"
COUNTRYINSURANCE,"F34, G22, O19"
COUNTRYSPREADSANDEMERGINGCOUNTRIESWHODRIVESWHOM,"E320, E430, F410, O110, O190"
COURTS,"K410, O170"
COVAR,"C58, E32, G01, G12, G17, G20, G32"
CREDITRATINGSANDSECURITYPRICESINTHESUBPRIMEMBSMARKET,"D830, G210, G240"
CRISESANDPRICESINFORMATIONAGGREGATIONMULTIPLICITYANDVOLATILITY,"D530, D820, D830"
CRISESANDRECOVERIESINANEMPIRICALMODELOFCONSUMPTIONDISASTERS,"E21, E32, E44, G12, G14"
CRISISRESOLUTIONANDBANKLIQUIDITY,"G010, G210, G280, G320"
CROSSBORDERSPILLOVERSFROMFISCALSTIMULUS,"E32, E44, E62, F44, G01"
CULTURALBIASESINECONOMICEXCHANGE,"F140, F230, Z120, Z130"
DEBTLITERACYFINANCIALEXPERIENCESANDOVERINDEBTEDNESS,"D14, D15"
DECENTRALIZEDTRADINGWITHPRIVATEINFORMATION,"D82, G12, G14"
DECLININGVOLATILITYINTHEUSAUTOMOBILEINDUSTRY,"G310, L230, L250, L620, M110"
DEFAULTRISKANDINCOMEFLUCTUATIONSINEMERGINGECONOMIES,"E320, E430, F340, O110, O190"
DELAYINGTHEINEVITABLEINTERESTRATEDEFENSEANDBALANCEOFPAYMENTSCRISES,"E52, F32"
DEPRESSIONBABIESDOMACROECONOMICEXPERIENCESAFFECTRISKTAKING,"D140, D810, G110"
DETECTINGLACKOFIDENTIFICATIONINGMM,"C220, C320"
DETERMININGTHENUMBEROFFACTORSFROMEMPIRICALDISTRIBUTIONOFEIGENVALUES,"C380, E010, G120"
DETERMININGTHENUMBEROFFACTORSINAPPROXIMATEFACTORMODELS,"C330, G120"
DIDSECURITIZATIONLEADTOLAXSCREENINGEVIDENCEFROMSUBPRIMELOANS,G210
DIDSUNSPOTFORCESCAUSETHEGREATDEPRESSION,"E130, E320, N120"
DIDTHEDEATHOFDISTANCEHURTDETROITANDHELPNEWYORK,R00
DIFFERENCESINPORTFOLIOSACROSSCOUNTRIESECONOMICENVIRONMENTVERSUSHOUSEHOLDCHARACTERISTICS,"D14, G11"
DISASTERSIMPLIEDBYEQUITYINDEXOPTIONS,"E210, E440, G130"
DISTANCECONSTRAINTSTHELIMITSOFFOREIGNLENDINGINPOORECONOMIES,"F230, F340, G210, O160, O190"
DOASSETPRICESREFLECTFUNDAMENTALSFRESHLYSQUEEZEDEVIDENCEFROMTHEOJMARKET,"G130, G140, Q110"
DOCENTRALBANKSRESPONDTOEXCHANGERATEMOVEMENTSASTRUCTURALINVESTIGATION,"E230, E310, E320, E520, E580, F310"
DOESACENTRALCLEARINGCOUNTERPARTYREDUCECOUNTERPARTYRISK,"G13, G21"
DOESAMBIGUITYMATTERESTIMATINGASSETPRICINGMODELSWITHAMULTIPLEPRIORSRECURSIVEUTILITY,"C58, G12"
DOESCOMPETITIONENCOURAGECREDITPROVISIONEVIDENCEFROMAFRICANTRADECREDITRELATIONSHIPS,"E52, F32"
DOESCOMPETITIONENCOURAGECREDITPROVISIONEVIDENCEFROMAFRICANTRADECREDITRELATIONSHIPS ,"G32, L11, L14, O16"
DOESCORPORATEDIVERSIFICATIONDESTROYVALUE,"G320, G340"
DOESCORPORATEGOVERNANCEMATTERINCOMPETITIVEINDUSTRIES,"G340, K210, L250"
DOESDISTANCESTILLMATTERTHEINFORMATIONREVOLUTIONINSMALLBUSINESSLENDING,"G210, L250, G320"
DOESFINANCIALLIBERALIZATIONIMPROVETHEALLOCATIONOFINVESTMENTMICROEVIDENCEFROMDEVELOPINGCOUNTRIES,"G280, G310, O140, O160"
DOESFIRMVALUEMOVETOOMUCHTOBEJUSTIFIEDBYSUBSEQUENTCHANGESINCASHFLOW,"G32, G35"
DOESLOCALFINANCIALDEVELOPMENTMATTER,"G21, L11, M13, N24, R12, R51"
DOESSHAREHOLDERCOMPOSITIONAFFECTSTOCKRETURNS,"G14, G23, G12"
DOESTHESOURCEOFCAPITALAFFECTCAPITALSTRUCTURE,G320
DOINGWELLBYDOINGGOODGREENOFFICEBUILDINGS,"G310, M140, Q520, R330"
DOMARKETSCAREWHOCHAIRSTHECENTRALBANK,"E310, E430, E520, E580"
DOREGULATIONSBASEDONCREDITRATINGSAFFECTAFIRMSCOSTOFCAPITAL,G240
DOTCOMMANIATHERISEANDFALLOFINTERNETSTOCKPRICES,"G120, L860"
DOWNOROUTASSESSINGTHEWELFARECOSTSOFHOUSEHOLDINVESTMENTMISTAKES,"D140, G110"
DOWOMENPAYMOREFORCREDITEVIDENCEFROMITALY,"G21, J16, J71"
DYNAMICAGENCYANDTHEQTHEORYOFINVESTMENT,"D25, G31, G32"
DYNAMICHIERARCHICALFACTORMODELS,"C22, C23, C32, C33, E20"
DYNAMICOPTIMALTAXATIONWITHPRIVATEINFORMATION,"D82, H21"
DYNAMICSEEMINGLYUNRELATEDCOINTEGRATINGREGRESSIONS,"C320, F310, F320"
EARNINGSINEQUALITYANDTHEBUSINESSCYCLE,"D310, E320, J310, N120, N320"
ECONOMICCATASTROPHEBONDS,"G110, G120"
ECONOMICGROWTHANDSUBJECTIVEWELLBEINGREASSESSINGTHEEASTERLINPARADOX,"I310, O470"
EFFICIENTESTIMATIONOFTHEPARAMETERPATHINUNSTABLETIMESERIESMODELS,C220
EFFICIENTPREDICTIONOFEXCESSRETURNS,"C530, C580, G120, G170"
EFFICIENTTESTSOFSTOCKRETURNPREDICTABILITY,"G120, G320"
ELASTICITYOPTIMISM,"C51, F13, F14, F41, O19"
EMPIRICALANDPOLICYPERFORMANCEOFAFORWARDLOOKINGMONETARYMODEL,"C54, E13, E23, E52"
EMPIRICALEXCHANGERATEMODELSOFTHENINETIESAREANYFITTOSURVIVE,F310
ENDOGENOUSENTRYPRODUCTVARIETYANDBUSINESSCYCLES,"R32, R31"
ENTREPRENEURIALACTIVITYRISKANDTHEBUSINESSCYCLE,"E320, M130, O330"
ENTREPRENEURIALFINANCEANDNONDIVERSIFIABLERISK,"E220, E440"
ENTREPRENEURIALRISKINVESTMENTANDINNOVATION,"D25, G31, L26, L60, O31"
EQUILIBRIUMANDGOVERNMENTCOMMITMENT,E610
EQUILIBRIUMINVESTMENTANDASSETPRICESUNDERIMPERFECTCORPORATECONTROL,"G120, G320"
EQUILIBRIUMPORTFOLIOSTRATEGIESINTHEPRESENCEOFSENTIMENTRISKANDEXCESSVOLATILITY,"G110, G120"
ESTIMATESOFTHEIMPACTOFCRIMERISKONPROPERTYVALUESFROMMEGANSLAWS,"K420, R230, R310"
ESTIMATINGHOUSINGDEMANDWITHANAPPLICATIONTOEXPLAININGRACIALSEGREGATIONINCITIES,"J15, R21"
ESTIMATINGSTOCHASTICVOLATILITYDIFFUSIONUSINGCONDITIONALMOMENTSOFINTEGRATEDVOLATILITY,C220
ESTIMATINGTHEEFFECTOFHIERARCHIESONINFORMATIONUSE,"D830, F230, G210, O160"
ESTIMATINGTHEEULEREQUATIONFOROUTPUT,"E120, E520"
ESTIMATIONOFMARKOVREGIMESWITCHINGREGRESSIONMODELSWITHENDOGENOUSSWITCHING,"C220, G120"
EUROSYSTEMMONETARYTARGETINGLESSONSFROMUSDATA,"E520, E580"
EVALUATINGINTERNATIONALCONSUMPTIONRISKSHARINGGAINSANASSETRETURNVIEW,"G12, G15"
EVALUATINGTHEECONOMICSIGNIFICANCEOFDOWNWARDNOMINALWAGERIGIDITY,"E240, E310, E520, J310"
EVALUATINGTHESTYLEBASEDRISKMODELFOREQUITYMUTUALFUNDSINVESTINGINEUROPE,G230
EVIDENCEONTHETRADEOFFBETWEENRISKANDRETURNFORIPOANDSEOFIRMS,"G120, G240, G320"
EXCHANGERATEPASSTHROUGHINTOIMPORTPRICES,F310
EXCHANGERATEPREDICTABILITYANDMONETARYFUNDAMENTALSINASMALLMULTICOUNTRYPANEL,"F310, F370"
EXCHANGERATESANDFUNDAMENTALS,"F310, F410"
EXCHANGERATESEQUITYPRICESANDCAPITALFLOWS,"F310, F320, G120, G150"
EXCHANGERATEVOLATILITYANDPRODUCTIVITYGROWTHTHEROLEOFFINANCIALDEVELOPMENT,"E440, F330, O420"
EXPECTATIONSHYPOTHESESTESTS,"E430, G150, D840, F310, G120"
EXPECTEDSTOCKRETURNSANDVARIANCERISKPREMIA,"G120, G130"
EXTERNALFINANCECONSTRAINTSANDTHEINTERTEMPORALPATTERNOFINTERMITTENTINVESTMENT,"G310, L250"
FACTORGMMESTIMATIONWITHLARGESETSOFPOSSIBLYWEAKINSTRUMENTS,"C32, C51, E52"
FAMILYFIRMSANDLABORRELATIONS,"G320, G340, J520, J530"
FEAROFFIRESALESILLIQUIDITYSEEKINGANDCREDITFREEZES,"G010, G210, G280, G330"
FEAROFFLOATING,"F330, O190, F310, O160"
FINANCIALASSETRETURNSDIRECTIONOFCHANGEFORECASTINGANDVOLATILITYDYNAMICS,G10
FINANCIALCONSTRAINTSANDGROWTHMULTINATIONALANDLOCALFIRMRESPONSESTOCURRENCYDEPRECIATIONS,"F230, G310, G320, L250"
FINANCIALCONSTRAINTSASSETTANGIBILITYANDCORPORATEINVESTMENT,"G310, G320"
FINANCIALCONTRACTINGWITHOPTIMISTICENTREPRENEURS,"D86, G32, L26"
FINANCIALFRICTIONSANDINVESTMENTREQUIEMINQ,"D920, G310"
FINANCIALFRICTIONSFINANCIALINTEGRATIONANDTHEINTERNATIONALPROPAGATIONOFSHOCKS,"E23, E32, E44, F44, G01"
FINANCIALFRICTIONSINVESTMENTANDTOBINSQ,"D25, G31, G32"
FINANCIALINNOVATIONTHEDISCOVERYOFRISKANDTHEUSCREDITCRISIS,"D14, E32, E44, G01"
FINANCIALINTEGRATIONANDFIRMPERFORMANCEEVIDENCEFROMFOREIGNBANKENTRYINEMERGINGMARKETS,"F230, G210, G320, L250, P310, P340"
FINANCIALMARKETSANDWAGES,"J310, J410, L250"
FINANCIALREGULATIONFINANCIALGLOBALIZATIONANDTHESYNCHRONIZATIONOFECONOMICACTIVITY,"E32, E44, F44, F65"
FINANCINGCONSTRAINTSIRREVERSIBILITYANDINVESTMENTDYNAMICS,"E220, E320, G310, G320, L600"
FIRMSPECIFICCAPITALNOMINALRIGIDITIESANDTHEBUSINESSCYCLE,"E220, E230, E310, E320, G320"
FISCALPOLICYANDASSETPRICESWITHINCOMPLETEMARKETS,"D52, E44, E62, G12, H63"
FLEXIBLETERMSTRUCTUREESTIMATIONWHICHMETHODISPREFERRED,"C51, E43, G12"
FOLLOWINGGERMANYSLEADUSINGINTERNATIONALMONETARYLINKAGESTOESTIMATETHEEFFECTOFMONETARYPOLICYONTHEECONOMY,"E230, E430, E520, F420"
FORCEDSALESANDHOUSEPRICES,"D140, R310"
FORECASTCOMPARISONSINUNSTABLEENVIRONMENTS,"C530, F310, F370, G150, G170"
FORECASTINGOUTPUTANDINFLATIONTHEROLEOFASSETPRICES,"E270, E370, C530, E230, E310, E440, G120"
FORECASTINGTHETERMSTRUCTUREOFGOVERNMENTBONDYIELDS,"C510, C530, E430, G120"
FORECASTINGTIMESERIESSUBJECTTOMULTIPLESTRUCTURALBREAKS,"C220, C530, E430, E470"
FORECASTINGUSINFLATIONBYBAYESIANMODELAVERAGING,"C530, E310, E370"
FORECASTINGUSINGRELATIVEENTROPY,"C530, E270, E470, E520"
FRAILTYCORRELATEDDEFAULT,"G210, G320, G330"
FREQUENCYOFPRICEADJUSTMENTANDPASSTHROUGH,"F140, L110"
FULLYNONPARAMETRICESTIMATIONOFSCALARDIFFUSIONMODELS,C220
FUNDAMENTALSMISVALUATIONANDBUSINESSINVESTMENT,"E220, E440, G140"
FUTURESPRICESASRISKADJUSTEDFORECASTSOFMONETARYPOLICY,"E520, G130"
GLOBALBUSINESSCYCLESCONVERGENCEORDECOUPLING,F44
GLOBALINFLATION,"E310, E320, E370, F440"
GLOBALIZATIONANDRISKSHARING,"F12, F34, F60, H63"
GREATEXPECTATIONSANDTHEENDOFTHEDEPRESSION,"D840, E520, E620, N120, N420"
GROWTHORGLAMOURFUNDAMENTALSANDSYSTEMATICRISKINSTOCKRETURNS,"G120, G320"
HASGREATERSTOCKMARKETPARTICIPATIONINCREASEDWEALTHINEQUALITYINTHEUS,"D14, D31, D63, E21, G11"
HASNEWYORKBECOMELESSCOMPETITIVETHANLONDONINGLOBALMARKETSEVALUATINGFOREIGNLISTINGCHOICESOVERTIME,"G140, G150, G180"
HEDGINGFAMILIARITYANDPORTFOLIOCHOICE,"D140, G110"
HETEROGENEITYINPRICESTICKINESSANDTHEREALEFFECTSOFMONETARYSHOCKS,"E310, E510, E520"
HETEROGENEOUSEXPECTATIONSANDBONDMARKETS,"D840, G120, G170"
HOLDUPASSETOWNERSHIPANDREFERENCEPOINTS,"D810, D860"
HOMEISWHERETHEEQUITYISMORTGAGEREFINANCINGANDHOUSEHOLDCONSUMPTION,"D120, D140, G210"
HOMEOWNERSHIPANDUNEMPLOYMENTINTHEUS,"J640, R210, J110"
HOMEPRICERISKLOCALMARKETSHOCKSANDINDEXHEDGING,R31
HOTANDCOLDMARKETS,R310
HOUSEHOLDRISKMANAGEMENTANDOPTIMALMORTGAGECHOICE,"D140, G210"
HOUSINGCOLLATERALCONSUMPTIONINSURANCEANDRISKPREMIAANEMPIRICALPERSPECTIVE,"D140, E440, G120, R310"
HOUSINGMARKETSPILLOVERSEVIDENCEFROMTHEENDOFRENTCONTROLINCAMBRIDGEMASSACHUSETTS,"R21, R31, R38"
HOWBIGARETHEGAINSFROMINTERNATIONALFINANCIALINTEGRATION,"E22, F23, O41"
HOWDIDINCREASEDCOMPETITIONAFFECTCREDITRATINGS,"G240, G280"
HOWDODIFFERENTEXPORTERSREACTTOEXCHANGERATECHANGES,"F14, F31, L25"
HOWDOFAMILYOWNERSHIPCONTROLANDMANAGEMENTAFFECTFIRMVALUE,G320
HOWOFTENTOSAMPLEACONTINUOUSTIMEPROCESSINTHEPRESENCEOFMARKETMICROSTRUCTURENOISE,"C510, G120"
HOWSENSITIVEISINVESTMENTTOCASHFLOWWHENFINANCINGISFRICTIONLESS,"G310, G350"
IDENTIFICATIONISSUESINFORWARDLOOKINGMODELSESTIMATEDBYGMMWITHANAPPLICATIONTOTHEPHILLIPSCURVE,"C220, C320, C510, E240, E310"
IDENTIFICATIONTHROUGHHETEROSKEDASTICITY,C320
IDENTIFICATIONUSINGSTABILITYRESTRICTIONS,"C32, E12, E31"
IDENTIFYINGTHEINFLUENCESOFNOMINALANDREALRIGIDITIESINAGGREGATEPRICESETTINGBEHAVIOR,"D860, E310, E520, L110"
IDENTIFYINGTHESOURCESOFINSTABILITIESINMACROECONOMICFLUCTUATIONS,"C510, E120, E230, E320"
IDIOSYNCRATICPRODUCTIONRISKGROWTHANDTHEBUSINESSCYCLE,"D510, E320, G310, O410"
IDIOSYNCRATICRISKANDAGGREGATEEMPLOYMENTDYNAMICS,"E240, E320, J210, L600"
IMMIGRATIONANDHOUSINGRENTSINAMERICANCITIES,"J610, R230, R310"
IMMIGRATIONREMITTANCESANDBUSINESSCYCLES,"E32, F22, F24, F44, J24, O11"
IMPERFECTCREDIBILITYANDINFLATIONPERSISTENCE,"E310, E520, E320"
IMPERFECTKNOWLEDGEINFLATIONEXPECTATIONSANDMONETARYPOLICY,"D83, D84, E23, E31, E52, E58"
IMPROVINGFORECASTACCURACYBYCOMBININGRECURSIVEANDROLLINGFORECASTS,C530
INCENTIVESFORINFORMATIONPRODUCTIONINMARKETSWHEREPRICESAFFECTREALINVESTMENT,"D25, D83, E32, G12, G14, G31"
INFERENCEINMODELSWITHADAPTIVELEARNING,"D830, E120"
INFERENTIALTHEORYFORFACTORMODELSOFLARGEDIMENSIONS,C330
INFLATIONANDUNEMPLOYMENTINTHELONGRUN,"E240, E310, E410, E430, E520"
INFLATIONANDWELFAREINMODELSWITHTRADINGFRICTIONS,"D51, D83, E31, E41, L11"
INFLATIONDYNAMICSANDTHENEWKEYNESIANPHILLIPSCURVEANIDENTIFICATIONROBUSTECONOMETRICANALYSIS,"E120, E310"
INFLATIONINERTIAANDCREDIBLEDISINFLATION,E310
INFORMALFINANCIALNETWORKSTHEORYANDEVIDENCE,"G210, R330"
INFORMALTAXATION,"H240, H270, O120, O170, O230"
INFORMATIONANIMALSPIRITSANDTHEMEANINGOFINNOVATIONSINCONSUMERCONFIDENCE,"D12, D83, D84, E12"
INFORMATIONCONSTRAINEDSTATEDEPENDENTPRICING,"D820, D830, E310, L110"
INFORMATIONDISCLOSURECOGNITIVEBIASESANDPAYDAYBORROWING,"D140, D830, G210"
INFORMATIONIMMOBILITYANDTHEHOMEBIASPUZZLE,"G110, G140"
INFORMATIONINANDNOTINTHETERMSTRUCTURE,"E430, G120"
INFORMATIONSHARINGANDCREDITFIRMLEVELEVIDENCEFROMTRANSITIONCOUNTRIES,"G210, G320, K220, P310, P340, P370"
INHERITANCELAWANDINVESTMENTINFAMILYFIRMS,"G310, G320, K220, L260, O170"
INSAMPLEOROUTOFSAMPLETESTSOFPREDICTABILITYWHICHONESHOULDWEUSE,"C220, C520, C530"
INSTITUTIONALSTOCKTRADINGONLOANMARKETINFORMATION,"D820, G230"
INTERNATIONALCAPITALFLOWSUNDERDISPERSEDPRIVATEINFORMATION,"D82, G12, G14"
INTERNATIONALDIMENSIONSOFOPTIMALMONETARYPOLICY,"E520, F420, L160"
INTERNATIONALFINANCIALADJUSTMENT,"F140, F310, F320"
INTERNATIONALPORTFOLIOSCAPITALACCUMULATIONANDFOREIGNASSETSDYNAMICS,"F320, G110, G150"
INTERNATIONALPRICESCOSTSANDMARKUPDIFFERENCES,"F310, L110, L810"
INTERNATIONALRISKSHARINGDURINGTHEGLOBALIZATIONERA,"E21, F41, F44, F62, F65"
INTERNATIONALTRADEANDMACROECONOMICDYNAMICSWITHHETEROGENEOUSFIRMS,"F120, F410"
INTERNATIONALTRADEINDURABLEGOODSUNDERSTANDINGVOLATILITYCYCLICALITYANDELASTICITIES,"E23, E32, F11, F14, F43"
INTERTEMPORALDISTORTIONSINTHESECONDBEST,"D82, E13, E61, H21"
INVESTIGATINGINFLATIONPERSISTENCEACROSSMONETARYREGIMES,"E310, E520"
INVESTMENTOPTIONSANDTHEBUSINESSCYCLE,"E130, E220, E320"
INVESTORINFORMATIONLONGRUNRISKANDTHETERMSTRUCTUREOFEQUITY,"D83, G12, G14"
INVESTORPROTECTIONANDINCOMEINEQUALITYRISKSHARINGVSRISKTAKING,"F21, F32, G18, L26, L53, O16, O47"
INVESTORPROTECTIONOPTIMALINCENTIVESANDECONOMICGROWTH,"F210, F320, G180, L260, L530, O160, O470"
IRREVERSIBLEINVESTMENTREALOPTIONSANDCOMPETITIONEVIDENCEFROMREALESTATEDEVELOPMENT,"G14, L85, R31"
ISDISINFLATIONGOODFORTHESTOCKMARKET,"G120, O160, O230, E310, E440"
ISFOREIGNEXCHANGEINTERVENTIONEFFECTIVETHEJAPANESEEXPERIENCESINTHE1990S,"E52, F31"
ISURBANDECAYBADISURBANREVITALIZATIONBADTOO,"R210, R230"
ISVALUERISKIERTHANGROWTH,G120
LABORANDTHEMARKETVALUEOFTHEFIRM,"G310, G320, H250"
LABORINCOMEANDPREDICTABLESTOCKRETURNS,"E250, G110, G120"
LABORMARKETSANDMONETARYPOLICYANEWKEYNESIANMODELWITHUNEMPLOYMENT,"E120, E240, E520"
LANDOFADDICTSANEMPIRICALINVESTIGATIONOFHABITBASEDASSETPRICINGMODELS,"C510, G120"
LARGESHAREHOLDERSANDCORPORATEPOLICIES,"G310, G320, G340, L250"
LEARNINGANDSHIFTSINLONGRUNPRODUCTIVITYGROWTH,"D830, E320, J240, N120, O400"
LEARNINGANDTHECENTRALBANK,"E310, E430, E520"
LEARNINGUNDERAMBIGUITY,D830
LENDINGBOOMSSHARPREVERSALSANDREALEXCHANGERATEDYNAMICS,"F210, O190, F310, F410"
LEVERAGECYCLESANDTHEANXIOUSECONOMY,"D530, G120, G140, G150"
LIARSLOANEFFECTSOFORIGINATIONCHANNELANDINFORMATIONFALSIFICATIONONMORTGAGEDELINQUENCY,"D14, G21, R31"
LIFECYCLEPORTFOLIOCHOICEWITHADDITIVEHABITFORMATIONPREFERENCESANDUNINSURABLELABORINCOMERISK,"D15, G11"
LIQUIDITYEFFECTSINTHEBONDMARKETS,"E43, E52, G12"
LOCALRESPONSETOFISCALINCENTIVESINHETEROGENEOUSCOMMUNITIES,"H710, H750, R510"
LONGDIFFERENCEINSTRUMENTALVARIABLESESTIMATIONFORDYNAMICPANELMODELSWITHFIXEDEFFECTS,"C230, C330"
LONGRUNRISKTHEWEALTHCONSUMPTIONRATIOANDTHETEMPORALPRICINGOFRISK,"D810, E130, E210, G120"
LONGRUNRISKTHROUGHCONSUMPTIONSMOOTHING,"E130, E210, E230"
LONGRUNSTOCKHOLDERCONSUMPTIONRISKANDASSETRETURNS,"D140, G110, G120"
LOWFREQUENCYROBUSTCOINTEGRATIONTESTING,"C22, C32"
MACROECONOMICVOLATILITYPREDICTABILITYANDUNCERTAINTYINTHEGREATMODERATIONEVIDENCEFROMTHESURVEYOFPROFESSIONALFORECASTERS,"C530, E270, G120"
MAKEVERSUSBUYINTRUCKINGASSETOWNERSHIPJOBDESIGNANDINFORMATION,"L140, L920, L220, M540, O330"
MANAGERIALANDCUSTOMERCOSTSOFPRICEADJUSTMENTDIRECTEVIDENCEFROMINDUSTRIALMARKETS,"D230, E310, L110, M210"
MARKETDISTORTIONSWHENAGENTSAREBETTERINFORMEDTHEVALUEOFINFORMATIONINREALESTATETRANSACTIONS,"D830, L850, R210, R310"
MARKETLIQUIDITYANDFUNDINGLIQUIDITY,"G120, G210, G240"
MARKUPSGAPSANDTHEWELFARECOSTSOFBUSINESSFLUCTUATIONS,"D610, E240, E310, E320, E520"
MATCHINGBANKRUPTCYLAWSTOLEGALENVIRONMENTS,"G330, K120"
MEASURINGTHEREACTIONOFMONETARYPOLICYTOTHESTOCKMARKET,"E440, E520, G120"
MEDIUMTERMBUSINESSCYCLES,"E320, O330"
MINIMALLYALTRUISTICWAGESANDUNEMPLOYMENTINAMATCHINGMODELWITHMONOPSONY,"D640, E240, E320, J420"
MINIMALSETTLEMENTASSETSINECONOMIESWITHINTERCONNECTEDFINANCIALOBLIGATIONS,"D850, E420, G200, G320"
MODELINGANDFORECASTINGREALIZEDVOLATILITY,"C530, G150, G120"
MODELINGMODELUNCERTAINTY,"E520, D810"
MODELINGREGIONALINTERDEPENDENCIESUSINGAGLOBALERRORCORRECTINGMACROECONOMETRICMODEL,"C51, C53, E17, E44, F41, F47, G20"
MODELUNCERTAINTYANDLIQUIDITY,"G110, G120, G130"
MOMENTUMPROFITSANDAUTOCORRELATIONINSTOCKRETURNS,"C58, G12"
MONETARYINTERVENTIONMITIGATEDBANKINGPANICSDURINGTHEGREATDEPRESSIONQUASIEXPERIMENTALEVIDENCEFROMAFEDERALRESERVEDISTRICTBORDER19291933,"E320, E520, G210, N120, N220"
MONETARYPOLICYANDEXCHANGERATEVOLATILITYINASMALLOPENECONOMY,"E52, F31, F41"
MONETARYPOLICYANDSTAGFLATIONINTHEUK,"E240, E310, E320, E520"
MONETARYPOLICYFORINATTENTIVEECONOMIES,"E310, E520"
MONETARYPOLICYRISKTAKINGANDPRICINGEVIDENCEFROMAQUASINATURALEXPERIMENT,"E42, E52, F42, G21, G32, O16, O23"
MONETARYPOLICYRULESINTHEOPENECONOMYEFFECTSONWELFAREANDBUSINESSCYCLES,"E520, F410, E320, E430, F310"
MONETARYPOLICYSROLEINEXCHANGERATEBEHAVIOR,"E520, F310"
MONETARYPOLICYSTRATEGIESFORLATINAMERICA,"E52, O23, E31, F33"
MONEYANDCAPITAL,"E220, E310, E400"
MONITORINGMANAGERSDOESITMATTER,"G34, L25, M10"
MORTGAGETIMING,"E430, G210, R310"
NESTEDFORECASTMODELCOMPARISONSANEWAPPROACHTOTESTINGEQUALACCURACY,"C15, C53"
NETWORKINGOFFMADISONAVENUE,"L840, M370, R320"
NEWEUROCOINTRACKINGECONOMICGROWTHINREALTIME,"C220, E200, E230, E300, O470"
NOARBITRAGETAYLORRULES,"E43, E44, E52, G12"
NOISETRADINGANDEXCHANGERATEREGIMES,F330
NOISYBUSINESSCYCLES,"D83, E32"
NONCONVEXFACTORADJUSTMENTSINEQUILIBRIUMBUSINESSCYCLEMODELSDONONLINEARITIESMATTER,"E220, E320, E130"
NONCONVEXITIESINTHEADJUSTMENTOFDIFFERENTCAPITALINPUTSAFIRMLEVELINVESTIGATION,"D240, G310"
NONLINEARFEATURESOFREALIZEDFXVOLATILITY,"G150, F310, G120"
NONLINEARFORECASTINGANALYSISUSINGDIFFUSIONINDEXESANAPPLICATIONTOJAPAN,"C530, E010, E170"
NUMERICALTECHNIQUESFORSIMULATEDMAXIMUMLIKELIHOODESTIMATIONOFSTOCHASTICDIFFERENTIALEQUATIONS,"C22, C63, E43"
ONECOSTOFTHECHILEANCAPITALCONTROLSINCREASEDFINANCIALCONSTRAINTSFORSMALLERTRADEDFIRMS,"G320, L250, O160"
ONEREASONCOUNTRIESPAYTHEIRDEBTSRENEGOTIATIONANDINTERNATIONALTRADE,"F130, F140, F340, O190"
ONETVONEPRICE,"F310, L110, L630"
ONTHEDETERMINATIONOFGENERALSCIENTIFICMODELSWITHAPPLICATIONTOASSETPRICING,"C220, C320, C510, C580, G120"
ONTHEEMPLOYMENTEFFECTSOFPRODUCTIVITYSHOCKSTHEROLEOFINVENTORIESDEMANDELASTICITYANDSTICKYPRICES,"E240, E310, L600, O330"
ONTHEFITOFNEWKEYNESIANMODELS,"C530, E120, E130, E170"
ONTHEREALEFFECTSOFBANKBAILOUTSMICROEVIDENCEFROMJAPAN,"E44, G21, G28, G32, G34"
ONTHESOURCESOFAGGREGATEFLUCTUATIONSINEMERGINGECONOMIES,"E32, E44"
ONTHESOURCESOFTHEGREATMODERATION,"E230, E240, J220, J240"
OPTIMALFORECASTCOMBINATIONSUNDERGENERALLOSSFUNCTIONSANDFORECASTERRORDISTRIBUTIONS,C530
OPTIMALINATTENTIONTOTHESTOCKMARKETWITHINFORMATIONCOSTSANDTRANSACTIONSCOSTS,"D14, D83, G11"
OPTIMALINFERENCEINREGRESSIONMODELSWITHNEARLYINTEGRATEDREGRESSORS,"C220, C320"
OPTIMALMORTGAGEDESIGN,"D140, G210, R310"
OPTIMALSAVINGSWITHTAXABLEANDTAXDEFERREDACCOUNTS,"D140, D910, E210, H240, J260"
OPTIMALTESTSFORNESTEDMODELSELECTIONWITHUNDERLYINGPARAMETERINSTABILITY,C52
OPTIMALVALUATIONOFCLAIMSONNOISYREALASSETSTHEORYANDANAPPLICATION,"R330, G120, R310"
OPTIMALVERSUSNAIVEDIVERSIFICATIONHOWINEFFICIENTISTHE1NPORTFOLIOSTRATEGY,G11
OPTIMISMANDECONOMICCHOICE,"D120, D140, D830"
ORDERFLOWSANDTHEEXCHANGERATEDISCONNECTPUZZLE,"E440, F310, G150"
OUTOFSAMPLEEXCHANGERATEPREDICTABILITYWITHTAYLORRULEFUNDAMENTALS,"E520, F310"
OUTSIDEANDINSIDELIQUIDITY,"D830, G010, G210"
OWNEROCCUPIEDHOUSINGASAHEDGEAGAINSTRENTRISK,"D140, R210"
OWNERSHIPEVOLUTIONANDREGULATION,"G320, G340, G380, N830, N840, Z130"
PAYOFFCOMPLEMENTARITIESANDFINANCIALFRAGILITYEVIDENCEFROMMUTUALFUNDOUTFLOWS,G230
PERFORMANCEOFMONETARYPOLICYWITHINTERNALCENTRALBANKFORECASTING,"D830, E520"
PERFORMANCEPRICINGINBANKDEBTCONTRACTS,"G210, G320, L250, M410"
PERSISTENCEINLAWOFONEPRICEDEVIATIONSEVIDENCEFROMMICRODATA,"E310, F310"
PHASEDINTAXCUTSANDECONOMICACTIVITY,"E320, H240, H250, H300"
POINTOPTIMALTESTSOFTHENULLHYPOTHESISOFCOINTEGRATION,"C220, C320"
POLICYUNCERTAINTYANDHOUSEHOLDSAVINGS,"D14, D72, D81"
POLICYWITHDISPERSEDINFORMATION,"D010, D820, D830"
POLITICSANDEFFICIENCYOFSEPARATINGCAPITALANDORDINARYGOVERNMENTBUDGETS,"D720, H540, H610, J110, N310, N320"
PORTFOLIOCHOICEINRETIREMENTHEALTHRISKANDTHEDEMANDFORANNUITIESHOUSINGANDRISKYASSETS,"D14, G11, I12, J14, J26"
PORTFOLIOCHOICESFORHOMEOWNERS,"D140, D910, G110, R210"
PORTFOLIOCHOICEWITHINTERNALHABITFORMATIONALIFECYCLEMODELWITHUNINSURABLELABORINCOMERISK,"E210, G110, D140, D910"
PORTFOLIOINERTIAANDSTOCKMARKETFLUCTUATIONS,"D140, G110, G120"
PREANDPOSTBREAKPARAMETERINFERENCE,C22
PRECAUTIONARYHOARDINGOFLIQUIDITYANDINTERBANKMARKETSEVIDENCEFROMTHESUBPRIMECRISIS,"E42, G01, G14, G21, G28"
PRICEADJUSTMENTINGERMANMANUFACTURINGEVIDENCEFROMTWOMERGEDSURVEYS,"L110, L600"
PRICEPRESSUREAROUNDMERGERS,"G110, G140, G340"
PRICESETTINGBEHAVIOURINSPAINEVIDENCEFROMMICROPPIDATA,"E310, L110, L600"
PRICINGTOMARKETTRADECOSTSANDINTERNATIONALRELATIVEPRICES,"F120, F140, F310"
PRIVATEBENEFITSOFCONTROLANINTERNATIONALCOMPARISON,"G320, G340"
PRIVATEEQUITYANDLONGRUNINVESTMENTTHECASEOFINNOVATION,"G340, L250, O340"
PRIVATEEQUITYPERFORMANCERETURNSPERSISTENCEANDCAPITALFLOWS,"G230, G240"
PRODUCTCREATIONANDDESTRUCTIONEVIDENCEANDPRICEIMPLICATIONS,"E310, E320, L110, O310"
PROFITSHARINGANDTHEROLEOFPROFESSIONALPARTNERSHIPS,"D230, J330, J440, L840"
PROMISESMADEPROMISESBROKENAMODELOFIMFPROGRAMIMPLEMENTATION,"D72, F33, O19, P33"
PUBLICANDPRIVATEENFORCEMENTOFSECURITIESLAWSRESOURCEBASEDEVIDENCE,"E440, G180, G280, K220, O160"
PUBLICINFORMATIONANDCOORDINATIONEVIDENCEFROMACREDITREGISTRYEXPANSION,"G210, G320, G330"
QUASIEXPERIMENTALEVIDENCEONTHECONNECTIONBETWEENPROPERTYTAXESANDRESIDENTIALCAPITALINVESTMENT,"H71, H73, R31"
RACESEGREGATIONANDPOSTALEMPLOYMENTNEWEVIDENCEONSPATIALMISMATCH,"J150, J710, L870, R230"
RACIALSEGREGATIONANDTHEBLACKWHITETESTSCOREGAP,"I210, J150"
RANGEBASEDESTIMATIONOFSTOCHASTICVOLATILITYMODELS,"G130, G150, G110"
READALLABOUTITWHATHAPPENSFOLLOWINGATECHNOLOGYSHOCK,"E220, E230, E320, O330, O340, O470"
REALANDFINANCIALINDUSTRYBOOMSANDBUSTS,"E320, E440, G120, G140, G320"
REALEXCHANGERATEFLUCTUATIONSANDTHEDYNAMICSOFRETAILTRADEINDUSTRIESONTHEUSCANADABORDER,"F310, L810, R220"
REALEXCHANGERATEFLUCTUATIONSENDOGENOUSTRADABILITYANDEXCHANGERATEREGIMES,F310
REALIZEDVOLATILITYFORECASTINGANDMARKETMICROSTRUCTURENOISE,"C53, C58, G12, G17"
REALRIGIDITIESANDNOMINALPRICECHANGES,"D21, E23, E31, E52"
REALTIMEINFLATIONFORECASTINGINACHANGINGWORLD,"E31, E37"
RECURSIVEPREDICTABILITYTESTSFORREALTIMEDATA,"C220, C530"
REEXAMININGTHECONTRIBUTIONSOFMONEYANDBANKINGSHOCKSTOTHEUSGREATDEPRESSION,"N32, N12, G21, N22, E31, E32, E51"
REFERENCEPRICESCOSTSANDNOMINALRIGIDITIES,"L110, L250, L810"
REGULATINGEXCLUSIONFROMFINANCIALMARKETS,"G210, G280, O160"
REGULATIONANDINVESTMENT,"E220, L330, L510"
REGULATORYPRESSUREANDFIRESALESINTHECORPORATEBONDMARKET,"G120, G180, G320, G380"
RELATIVEVALUATIONANDANALYSTTARGETPRICEFORECASTS,"G120, G140, G170"
RISKANDWEALTHINAMODELOFSELFFULFILLINGCURRENCYATTACKS,"F310, F330, G110, G150"
RISKSHARINGANDASSETPRICESEVIDENCEFROMANATURALEXPERIMENT,"G110, G120, G150, O160"
RISKSHIFTINGVERSUSRISKMANAGEMENTINVESTMENTPOLICYINCORPORATEPENSIONPLANS,"G110, G230, G320"
RISKTAKINGBYENTREPRENEURS,"G310, G320, L250, L260"
ROBUSTLYOPTIMALMONETARYPOLICYWITHNEARRATIONALEXPECTATIONS,"C620, D840, E130, E310, E320, E520"
ROBUSTMONETARYPOLICYWITHCOMPETINGREFERENCEMODELS,"E520, E610"
ROBUSTMONETARYPOLICYWITHIMPERFECTKNOWLEDGE,"D830, E130, E520"
ROLLOVERRISKANDMARKETFREEZES,"G010, G120, G320"
ROUGHINGITUPINCLUDINGJUMPCOMPONENTSINTHEMEASUREMENTMODELINGANDFORECASTINGOFRETURNVOLATILITY,"C530, F310, G120, G150"
RULEOFTHUMBCONSUMERSANDTHEDESIGNOFINTERESTRATERULES,"E430, E520"
RUNNINGONEMPTYFINANCIALLEVERAGEANDPRODUCTQUALITYINTHESUPERMARKETINDUSTRY,"D920, G310, G320, L150, L810"
SCHOOLSANDLOCATIONTIEBOUTALONSOANDGOVERNMENTALFINANCEPOLICY,"H71, H73, H75, I21, I22, R23"
SEARCHMONEYANDCAPITALANEOCLASSICALDICHOTOMY,"E130, E220, E400, O420"
SECTORALPRICEDATAANDMODELSOFPRICESETTING,"D830, E310, E320"
SECURITIZATIONTRANSPARENCYANDLIQUIDITY,"D82, D83, G12, G21, G32"
SEPARATEWHENEQUALRACIALINEQUALITYANDRESIDENTIALSEGREGATION,"J15, R23"
SHAPEDBYBOOMSANDBUSTSHOWTHEECONOMYIMPACTSCEOCAREERSANDMANAGEMENTSTYLES,"E32, G32, G34, M12, M51, M54"
SHAREHOLDERMANAGERDISAGREEMENTANDCORPORATEINVESTMENT,"C580, G310"
SHOCKSANDGOVERNMENTBELIEFSTHERISEANDFALLOFAMERICANINFLATION,"E240, E310, E520, N120"
SIMPLEFORECASTSANDPARADIGMSHIFTS,G120
SIMULATINGTHETRANSMISSIONOFWEALTHINEQUALITYVIABEQUESTS,"D310, D640, D910"
SKILLBIASEDTECHNOLOGICALCHANGEANDTHEBUSINESSCYCLE,"E32, J22, J24, J31, O33"
SKILLSINTHECITY,"J240, R120, R230"
SLOWPASSTHROUGHAROUNDTHEWORLDANEWIMPORTFORDEVELOPINGCOUNTRIES,"E31, F13, F31, F33, F41"
SMOOTHLYMIXINGREGRESSIONS,"C210, C250, J240, J310"
SOMEEVIDENCEONTHEIMPORTANCEOFSTICKYPRICES,"E310, E320, L110, L160"
SOMEEVIDENCEONTHEIMPORTANCEOFSTICKYWAGES,"E24, E32, E52, J31"
SOPHISTICATEDMONETARYPOLICIES,"E430, E520"
SOVEREIGNRISKANDSECONDARYMARKETS,"F340, G120, G150"
SPATIALASSETPRICINGAFIRSTSTEP,"D14, G11, G12, J24, R31"
SPECTRALGMMESTIMATIONOFCONTINUOUSTIMEPROCESSES,"C510, G120"
SPECULATIVETRADINGANDSTOCKPRICESEVIDENCEFROMCHINESEABSHAREPREMIA,"G120, O160, P340"
SPEEDLIMITPOLICIESTHEOUTPUTGAPANDOPTIMALMONETARYPOLICY,"E520, E310"
SPURIOUSREGRESSIONSINFINANCIALECONOMICS,"C510, G120"
STAGESOFDIVERSIFICATION,"F430, L160, D310, F120, O110"
STATEDEPENDENTORTIMEDEPENDENTPRICINGDOESITMATTERFORRECENTUSINFLATION,E310
STATIONARITYTESTINGWITHCOVARIATES,C220
STICKYBORDERS,"F130, F140"
STICKYINFORMATIONANDSTICKYPRICES,"E310, L110"
STICKYINFORMATIONVERSUSSTICKYPRICESAPROPOSALTOREPLACETHENEWKEYNESIANPHILLIPSCURVE,"E310, E370, E520"
STICKYPRICESANDMONETARYPOLICYEVIDENCEFROMDISAGGREGATEDUSDATA,"E130, E310, E320, E520"
STOCKANDBONDRETURNSWITHMOODYINVESTORS,"C510, C520, D810, G120"
STOCKBASEDCOMPENSATIONANDCEODISINCENTIVES,"D820, J330, M120, M520"
STOCKOPTIONSFORUNDIVERSIFIEDEXECUTIVES,"M120, M520, G130"
STOCKPRICESNEWSANDECONOMICFLUCTUATIONS,"E320, E440, G140"
STRUCTURINGANDRESTRUCTURINGSOVEREIGNDEBTTHEROLEOFSENIORITY,F340
SUPERSTARCEOS,"G340, M120, M520"
SUPERSTARCITIES,"R11, R23, R31, R52"
SUPPLYUNCERTAINTYOFTHEBONDINVESTORBASEANDTHELEVERAGEOFTHEFIRM,"G11, G12, G22, G23, G32"
SURPRISINGCOMPARATIVEPROPERTIESOFMONETARYMODELSRESULTSFROMANEWMODELDATABASE,"C51, E23, E24, E43, E52"
TAKEOVERSANDTHECROSSSECTIONOFRETURNS,"G140, G320, G340"
TAKINGANEWCONTOURANOVELAPPROACHTOPANELUNITROOTTESTS,"C32, C33"
TAXRIOTS,"H210, H260"
TAXSHELTERSANDCORPORATEDEBTPOLICY,"G320, H250"
TAYLORRULESANDTHEEURO,"E230, E240, E310, E430, E520, E580, F310"
TECHNOLOGICALGROWTHANDASSETPRICING,"E22, E23, E32, E44, G12, O33"
TESTINGFORINDETERMINACYANAPPLICATIONTOUSMONETARYPOLICY,"E520, E580"
TESTSOFEQUALPREDICTIVEABILITYWITHREALTIMEDATA,"C15, C53, E31, E37"
THEAFFINEARBITRAGEFREECLASSOFNELSONSIEGELTERMSTRUCTUREMODELS,"C530, C580, E430, E470, G120, G170"
THEBONDOLDBONDSPREAD,"G140, G120"
THEBONDPREMIUMINADSGEMODELWITHLONGRUNREALANDNOMINALRISKS,"E13, E31, E43, E44"
THEBURDENOFTHENONDIVERSIFIABLERISKOFENTREPRENEURSHIP,"G240, G320, L260, M130"
THECASEFOROPENMARKETPURCHASESINALIQUIDITYTRAP,"E430, E520, E580, E630"
THECOMPETITIVESAVINGMOTIVEEVIDENCEFROMRISINGSEXRATIOSANDSAVINGSRATESINCHINA,"D140, D910, J120, J160, O150, P360"
THECONDITIONALCAPMDOESNOTEXPLAINASSETPRICINGANOMALIES,G120
THECONQUESTOFSOUTHAMERICANINFLATION,"E310, E520, O110, O230"
THECONSEQUENCESOFMORTGAGECREDITEXPANSIONEVIDENCEFROMTHEUSMORTGAGEDEFAULTCRISIS,"D140, G210, R310"
THECOSTOFDEBT,"G320, H250, L250"
THECOSTSOFBANKRUPTCYCHAPTER7LIQUIDATIONVERSUSCHAPTER11REORGANIZATION,"G330, K220, L250"
THECREDITCYCLEANDTHEBUSINESSCYCLENEWFINDINGSUSINGTHELOANOFFICEROPINIONSURVEY,"E320, G210, G280, G310"
THEDECISIONTOPRIVATIZEFINANCEANDPOLITICS,"D720, L250, L330, O160, O170"
THEECONOMICAFTERMATHOFTHE1960SRIOTSINAMERICANCITIESEVIDENCEFROMPROPERTYVALUES,"J150, N920, R310"
THEECONOMICSOFPRIVATEEQUITYFUNDS,"G230, G240"
THEEFFECTOFHOUSINGONPORTFOLIOCHOICE,"D14, G11, R31"
THEEFFECTOFREFERENCEPOINTPRICESONMERGERSANDACQUISITIONS,"G12, G14, G34"
THEEFFECTSOFABABYBOOMONSTOCKPRICESANDCAPITALACCUMULATIONINTHEPRESENCEOFSOCIALSECURITY,"G120, H550, E210, E220"
THEELUSIVEGAINSFROMINTERNATIONALFINANCIALINTEGRATION,"E220, F210, O160"
THEEUROANDCORPORATEVALUATIONS,"E430, F310, G320"
THEFAILUREOFMODELSTHATPREDICTFAILUREDISTANCEINCENTIVESANDDEFAULTS,"G21, G28, G32, G33"
THEFLATTENINGFIRMANDPRODUCTMARKETCOMPETITIONTHEEFFECTOFTRADELIBERALIZATIONONCORPORATEHIERARCHIES,"D230, F130, G340, M120, M510"
THEHIGHFREQUENCYRESPONSEOFEXCHANGERATESANDINTERESTRATESTOMACROECONOMICANNOUNCEMENTS,"E430, F310, G150"
THEIMPACTOFFOREIGNINTERESTRATESONTHEECONOMYTHEROLEOFTHEEXCHANGERATEREGIME,F310
THEIMPACTOFINVESTORPROTECTIONLAWONCORPORATEPOLICYANDPERFORMANCEEVIDENCEFROMTHEBLUESKYLAWS,"G31, G32, K22, L21, L25"
THEIMPACTOFRISKANDUNCERTAINTYONEXPECTEDRETURNS,"D810, G120"
THEIMPORTANCEOFBUSINESSOWNERSINASSESSINGTHESIZEOFPRECAUTIONARYSAVINGS,"D140, E210"
THEINEFFICIENCYOFREFINANCINGWHYPREPAYMENTPENALTIESAREGOODFORRISKYBORROWERS,"D14, G21, R31"
THEINVESTMENTSTRATEGIESOFSOVEREIGNWEALTHFUNDS,G23
THELINKBETWEENTHEECONOMICSTRUCTUREANDFINANCIALDEVELOPMENT,"D720, E440, Z130"
THELIQUIDITYSERVICEOFBENCHMARKSECURITIES,"G110, G140"
THEMARGINALPRODUCTOFCAPITALCAPITALFLOWSANDCONVERGENCE,"F210, F320, O160, O190"
THEMARKETFORMERGERSANDTHEBOUNDARIESOFTHEFIRM,G340
THEMICROEMPIRICSOFCOLLECTIVEACTIONTHECASEOFBUSINESSIMPROVEMENTDISTRICTS,"D710, R320, R580"
THEMODELCONFIDENCESET,"C300, C520"
THEMODERNHISTORYOFEXCHANGERATEARRANGEMENTSAREINTERPRETATION,"F330, N200"
THEOWNERSHIPOFJAPANESECORPORATIONSINTHE20THCENTURY,"D22, G20, G32, G34, L51, N85"
THEPOLITICSOFBANKFAILURESEVIDENCEFROMEMERGINGMARKETS,"D720, G210, G280, G330, O160, O170, P340"
THEPRICEIMPACTANDSURVIVALOFIRRATIONALTRADERS,"G110, G120"
THEREALEFFECTSOFDEBTCERTIFICATIONEVIDENCEFROMTHEINTRODUCTIONOFBANKLOANRATINGS,"G210, G240, G320"
THEREALEFFECTSOFFINANCIALMARKETSTHEIMPACTOFPRICESONTAKEOVERS,"G23, G32, G34"
THEREALLYLONGRUNPERFORMANCEOFINITIALPUBLICOFFERINGSTHEPRENASDAQEVIDENCE,"G12, G24"
THEREALTHINGNOMINALPRICERIGIDITYOFTHENICKELCOKE18861959,"L110, L660, N710, N720, N810, N820"
THERETURNOFTHEWAGEPHILLIPSCURVE,"E120, E240, E310, E320"
THERETURNSONHUMANCAPITALGOODNEWSONWALLSTREETISBADNEWSONMAINSTREET,"G110, G350, M410"
THERETURNSTOCURRENCYSPECULATIONINEMERGINGMARKETS,"F310, G150"
THERISKADJUSTEDCOSTOFFINANCIALDISTRESS,"G120, G320"
THEROLEOFDEBTANDEQUITYFINANCEOVERTHEBUSINESSCYCLE,"E23, E32, G32, G35"
THEROLEOFPORTFOLIOCONSTRAINTSINTHEINTERNATIONALPROPAGATIONOFSHOCKS,"G110, G120, G150"
THESENSITIVITYOFLONGTERMINTERESTRATESTOECONOMICNEWSEVIDENCEANDIMPLICATIONSFORMACROECONOMICMODELS,"E320, E430"
THESENSITIVITYOFTHECPITOEXCHANGERATESDISTRIBUTIONMARGINSIMPORTEDINPUTSANDTRADEEXPOSURE,"E310, F140, F310"
THESMALLWORLDOFINVESTINGBOARDCONNECTIONSANDMUTUALFUNDRETURNS,"G230, Z130"
THESTRUCTUREANDFORMATIONOFBUSINESSGROUPSEVIDENCEFROMKOREANCHAEBOLS,"G320, G340"
THETAXDISADVANTAGEOFAFIRMISSUINGOPTIONSONITSOWNSTOCK,"G32, H25"
THETERMSTRUCTUREOFINFLATIONEXPECTATIONS,"C53, D84, E31, E37, E43, E47"
THETHEORYOFBANKRISKTAKINGANDCOMPETITIONREVISITED,"G210, L110"
THETIMEVARYINGVOLATILITYOFMACROECONOMICFLUCTUATIONS,"E130, E320"
THETRANSITIONTOHOMEOWNERSHIPANDTHEBLACKWHITEWEALTHGAP,"J150, R210, R310"
THETWOSIDESOFDERIVATIVESUSAGEHEDGINGANDSPECULATINGWITHINTERESTRATESWAPS,"C58, G13, G32"
THEVALUEOFCONTROLINEMERGINGMARKETS,"F230, G120, G340, O160"
THEVALUESPREAD,"G120, G320"
THEWELFARECOSTOFBANKCAPITALREQUIREMENTS,"G210, G280"
THEYOUNGTHEOLDANDTHERESTLESSDEMOGRAPHICSANDBUSINESSCYCLEVOLATILITY,"E320, J110"
TIMECONSISTENTMONETARYPOLICYWITHENDOGENOUSPRICERIGIDITY,"E31, E52"
TIMEVARIATIONINTHECOVARIANCEBETWEENSTOCKRETURNSANDCONSUMPTIONGROWTH,"E210, E440, G120"
TOFLOATORTOFIXEVIDENCEONTHEIMPACTOFEXCHANGERATEREGIMESONGROWTH,"F330, O190, F430"
TRACINGTHEIMPACTOFBANKLIQUIDITYSHOCKSEVIDENCEFROMANEMERGINGMARKET,"E440, G210, G320, L250"
TRADECOSTSASSETMARKETFRICTIONSANDRISKSHARING,"E21, E44, F14, F41, G15"
TRUSTINGTHESTOCKMARKET,"D140, G110, G140, Z130"
TSTATISTICBASEDCORRELATIONANDHETEROGENEITYROBUSTINFERENCE,"C10, C32"
UNCERTAINTYANDCURRENCYCRISESEVIDENCEFROMSURVEYDATA,"E210, E240, F310, F370, G150, G170"
UNDERSTANDINGBANKRUNSTHEIMPORTANCEOFDEPOSITORBANKRELATIONSHIPSANDNETWORKS,"D12, G21, O16, Z13"
UNDERSTANDINGINDEXOPTIONRETURNS,"G110, G120, G130"
UNDERSTANDINGTHEEFFECTSOFGOVERNMENTSPENDINGONCONSUMPTION,"E120, E320, E620, H610, H620"
UNEMPLOYMENTFLUCTUATIONSWITHSTAGGEREDNASHWAGEBARGAINING,"C780, E240, E320, J520"
UNIFORMINFERENCEINAUTOREGRESSIVEMODELS,C220
UNNATURALSELECTIONPERVERSEINCENTIVESANDTHEMISALLOCATIONOFCREDITINJAPAN,"G210, G280"
UNSTABLEBANKING,"G010, G210, G280, L210, L250"
URBANDECLINEANDDURABLEHOUSING,"R110, R310"
URBANIZATIONPRODUCTIVITYANDINNOVATIONEVIDENCEFROMINVESTMENTINHIGHEREDUCATION,"H520, I230, I280, R110, R230"
USSHOCKSANDGLOBALEXCHANGERATECONFIGURATIONS,"F310, G150"
VALUEANDMOMENTUMEVERYWHERE,"G11, G12"
VARANALYSISANDTHEGREATMODERATION,"C320, C520, E130, E520, N120"
VARIETIESANDTHETRANSFERPROBLEM,"F14, F31, F32"
VEHICLECURRENCY,"E42, F33"
VENTURECAPITALANDTHEPROFESSIONALIZATIONOFSTARTUPFIRMSEMPIRICALEVIDENCE,"G240, M130"
VOLATILITYANDDEVELOPMENT,"E230, O110, O470"
VOLATILITYFORECASTCOMPARISONUSINGIMPERFECTVOLATILITYPROXIES,"C53, C58, G12, G17"
VOLUNTEERINGTOBETAXEDBUSINESSIMPROVEMENTDISTRICTSANDTHEEXTRAGOVERNMENTALPROVISIONOFPUBLICSAFETY,"H410, H710, R510"
WALLSTREETOCCUPATIONS,"D82, D86, G24, J22, J31, J41"
WATCHWHATIDONOTWHATISAYTHEUNINTENDEDCONSEQUENCESOFTHEHOMELANDINVESTMENTACT,"F230, H250, H320"
WEALTHDESTRUCTIONONAMASSIVESCALEASTUDYOFACQUIRINGFIRMRETURNSINTHERECENTMERGERWAVE,"G140, G340, L250"
WERETHEREREGIMESWITCHESINUSMONETARYPOLICY,"E310, E430, E520"
WHATDOWELEARNFROMTHEPRICEOFCRUDEOILFUTURES,"C530, G130, G170, L710"
WHATDOYOUEXPECTIMPERFECTPOLICYCREDIBILITYANDTESTSOFTHEEXPECTATIONSHYPOTHESIS,"E430, E520"
WHATEXPLAINSTHELAGGEDINVESTMENTEFFECT,"E22, G31"
WHATEXPLAINSTHESTOCKMARKETSREACTIONTOFEDERALRESERVEPOLICY,"E520, G140"
WHATHAPPENEDTOTHEQUANTSINAUGUST2007EVIDENCEFROMFACTORSANDTRANSACTIONSDATA,"G110, G140"
WHATISWRONGWITHTAYLORRULESUSINGJUDGMENTINMONETARYPOLICYTHROUGHTARGETINGRULES,"E520, E310, E580"
WHATORWHOSTARTEDTHEGREATDEPRESSION,"E240, E310, E320, J510, N120, N320"
WHATSINAGRADESCHOOLREPORTCARDSANDTHEHOUSINGMARKET,"I210, R310"
WHATSVOLGOTTODOWITHIT,"D81, G12, G14"
WHENAREOUTSIDEDIRECTORSEFFECTIVE,"G340, G380, L250"
WHENISMARKETINCOMPLETENESSIRRELEVANTFORTHEPRICEOFAGGREGATERISKANDWHENISITNOT,"D52, D81, D15, G11, G22"
WHENISTHEGOVERNMENTSPENDINGMULTIPLIERLARGE,"E230, E620, G010, H500"
WHYAREBUYOUTSLEVEREDTHEFINANCIALSTRUCTUREOFPRIVATEEQUITYFUNDS,"G230, G320"
WHYDOESNTCAPITALFLOWFROMRICHTOPOORCOUNTRIESANEMPIRICALINVESTIGATION,"F320, O160"
WHYDOFOREIGNERSINVESTINTHEUNITEDSTATES,"F210, F320, G110"
WHYDOHOUSEHOLDSWITHOUTCHILDRENSUPPORTLOCALPUBLICSCHOOLSLINKINGHOUSEPRICECAPITALIZATIONTOSCHOOLSPENDING,"D120, H750, I220, R310, R510"
WHYDONTLENDERSRENEGOTIATEMOREHOMEMORTGAGESREDEFAULTSSELFCURESANDSECURITIZATION,"D82, G01, G21"
WHYDONTPRICESRISEDURINGPERIODSOFPEAKDEMANDEVIDENCEFROMSCANNERDATA,"L110, L810, E310, E320"
WHYDOPUBLICFIRMSISSUEPRIVATEANDPUBLICSECURITIES,"D82, G14, G32"
WHYHASHOUSEPRICEDISPERSIONGONEUP,"J310, R230, R310"
WHYINFLATIONROSEANDFELLPOLICYMAKERSBELIEFSANDUSPOSTWARSTABILIZATIONPOLICY,"E240, E310, E430, E630"
WHYISLONGHORIZONEQUITYLESSRISKYADURATIONBASEDEXPLANATIONOFTHEVALUEPREMIUM,G120
WHYISMANHATTANSOEXPENSIVEREGULATIONANDTHERISEINHOUSINGPRICES,"R310, R380, R520"
WILLTHEUSBANKRECAPITALIZATIONSUCCEEDEIGHTLESSONSFROMJAPAN,"G010, G210, G280"
WINNERSANDLOSERSINHOUSINGMARKETS,"D910, E130, E230, R310"
YOUCANTAKEITWITHYOUPROPOSITION13TAXBENEFITSRESIDENTIALMOBILITYANDWILLINGNESSTOPAYFORHOUSINGAMENITIES,"H310, H710, R210"
YOUNGOLDCONSERVATIVEANDBOLDTHEIMPLICATIONSOFHETEROGENEITYANDFINITELIVESFORASSETPRICING,"D81, E13, G12"
ZOMBIELENDINGANDDEPRESSEDRESTRUCTURINGINJAPAN,"G210, G320, L250"
